"term","estimate","std.error","statistic","p.value","conf.low","conf.high"
"treatment_groupExercise",0.809366018944055,0.104056314562289,-2.03259197993724,0.0420937624491961,0.660042759230607,0.992471083820311
