"effect","term","estimate","std.error","df","statistic","p.value","conf.low","conf.high"
"fixed","(Intercept)",32.3969322355506,1.43785087311901,4998,22.5314967227962,3.77408303563792e-107,29.5781136791663,35.215750791935
"fixed","treatment_groupExercise",0.67625419418888,0.502749422603763,995,1.34511182665616,0.178895614340078,-0.310316653222354,1.66282504160011
"fixed","time_months",0.0166942619541718,0.00382038243733355,4998,4.36978816336084,0.0000126887585465372,0.00920463621608647,0.0241838876922571
"fixed","age",0.047450449617129,0.026228918346497,995,1.80908907452016,0.0707388800562831,-0.00401989532283532,0.0989207945570934
"fixed","tumor_stageII",0.633945886176261,0.534344074450187,995,1.18640014269562,0.235747520223732,-0.414624758836641,1.68251653118916
"fixed","tumor_stageIII",0.485045824407074,0.765608753540079,995,0.633542683732758,0.526524913501813,-1.0173473018816,1.98743895069575
"fixed","treatment_groupExercise:time_months",0.101926774193536,0.00543005514927938,4998,18.7708543267858,5.10219072068446e-76,0.091281483709568,0.112572064677504
