"effect","term","estimate","std.error","df","statistic","p.value","conf.low","conf.high"
"fixed","(Intercept)",0.379912177128719,0.257694882583413,4998,1.47427132941123,0.140471532987749,-0.125282854213924,0.885107208471362
"fixed","treatment_groupExercise",1.20933616820431,0.104472590094792,995,11.5756311498262,3.67453448726098e-29,1.00432427339742,1.41434806301119
"fixed","time_months",0.0254219657175381,0.00369022881872279,4998,6.88899441372222,0.00000000000631390561328871,0.0181874981757438,0.0326564332593323
"fixed","baseline_mvpa",0.999225188711526,0.00667084446582937,995,149.789909482966,0,0.986134650201273,1.01231572722178
"fixed","age",0.00232543753366988,0.00328786042669522,995,0.70727988170936,0.479558180509241,-0.00412649876202043,0.0087773738293602
"fixed","bmi",-0.000970447199534553,0.00659843108636813,995,-0.147072415674603,0.883104656243859,-0.0139188852399965,0.0119779908409274
"fixed","treatment_groupExercise:time_months",0.172935562753298,0.00524506285111882,4998,32.9711135332552,6.82237150365402e-216,0.162652938337552,0.183218187169044
