"effect","term","estimate","std.error","df","statistic","p.value","conf.low","conf.high"
"fixed","(Intercept)",83.251105869568,1.87778613736058,4998,44.3347110798175,0,79.5698211773444,86.9323905617915
"fixed","treatment_groupExercise",0.366065319404606,0.662991737870762,995,0.552141600708701,0.580975335914607,-0.934957200462746,1.66708783927196
"fixed","time_months",0.0326960434833601,0.00651954569397032,4998,5.01508004056164,0.000000548451885248422,0.0199148735269136,0.0454772134398066
"fixed","age",-0.327417109778744,0.0342324291452245,995,-9.56453041616589,8.54617992858749e-21,-0.394593152380322,-0.260241067177165
"fixed","tumor_stageII",-0.310537330891,0.697394205363015,995,-0.4452823503593,0.656212577806611,-1.6790695682854,1.05799490650341
"fixed","tumor_stageIII",-1.24306110240662,0.999227153109983,995,-1.24402254135882,0.213784250137404,-3.20389553577997,0.717773330966733
"fixed","treatment_groupExercise:time_months",0.157328175972303,0.00926647874845063,4998,16.9782050165074,6.70665239109967e-63,0.139161812035122,0.175494539909485
