"effect","term","estimate","std.error","df","statistic","p.value","conf.low","conf.high"
"fixed","(Intercept)",0.28705445762701,0.146041623030086,4998,1.9655660603544,0.0494040435067651,0.000748801944719657,0.573360113309299
"fixed","treatment_groupExercise",0.333901987599257,0.036921297026114,996,9.0436147831722,7.74873893114626e-19,0.261449530933911,0.406354444264602
"fixed","time_months",0.00648466342271804,0.00130527034850103,4998,4.96806154385183,0.000000698801767429012,0.00392576086318369,0.0090435659822524
"fixed","baseline_vo2max",0.997322595845834,0.00366245654517252,996,272.309741711585,0,0.99013557925917,1.0045096124325
"fixed","age",-0.0014888020331365,0.00139525111105977,996,-1.06704952344075,0.286208043243572,-0.00422677114050111,0.00124916707422811
"fixed","treatment_groupExercise:time_months",0.0561186982770818,0.00185523048892104,4998,30.2489090235462,1.0042172744643e-184,0.0524816325519023,0.0597557640022613
